condition,size
classical,2925
classical,2925
classical,2925
classical,2925
classical,2925
classical,2925
classical,2925
classical,2925
classical,2925
classical,2925
classical,2925
classical,2925
classical,2925
classical,2925
classical,2925
classical,2925
classical,2925
classical,2925
classical,2925
classical,2925
classical,2925
classical,2925
classical,2925
classical,2925
classical,2925
classical,2951
classical,2951
classical,2951
classical,2951
classical,2951
classical,2951
classical,2951
classical,2951
classical,2951
classical,2951
classical,2951
classical,2951
classical,2951
classical,2951
classical,2951
classical,2951
classical,2951
classical,2951
classical,2951
classical,2951
classical,2951
classical,2951
classical,2951
classical,2951
classical,2951
classical,2923
classical,2923
classical,2923
classical,2923
classical,2923
classical,2923
classical,2923
classical,2923
classical,2923
classical,2923
classical,2923
classical,2923
classical,2923
classical,2923
classical,2923
classical,2923
classical,2923
classical,2923
classical,2923
classical,2923
classical,2923
classical,2923
classical,2923
classical,2923
classical,2923
classical,2926
classical,2926
classical,2926
classical,2926
classical,2926
classical,2926
classical,2926
classical,2926
classical,2926
classical,2926
classical,2926
classical,2926
classical,2926
classical,2926
classical,2926
classical,2926
classical,2926
classical,2926
classical,2926
classical,2926
classical,2926
classical,2926
classical,2926
classical,2926
classical,2926
classical,2952
classical,2952
classical,2952
classical,2952
classical,2952
classical,2952
classical,2952
classical,2952
classical,2952
classical,2952
classical,2952
classical,2952
classical,2952
classical,2952
classical,2952
classical,2952
classical,2952
classical,2952
classical,2952
classical,2952
classical,2952
classical,2952
classical,2952
classical,2952
classical,2952
classical,2946
classical,2946
classical,2946
classical,2946
classical,2946
classical,2946
classical,2946
classical,2946
classical,2946
classical,2946
classical,2946
classical,2946
classical,2946
classical,2946
classical,2946
classical,2946
classical,2946
classical,2946
classical,2946
classical,2946
classical,2946
classical,2946
classical,2946
classical,2946
classical,2946
classical,2954
classical,2954
classical,2954
classical,2954
classical,2954
classical,2954
classical,2954
classical,2954
classical,2954
classical,2954
classical,2954
classical,2954
classical,2954
classical,2954
classical,2954
classical,2954
classical,2954
classical,2954
classical,2954
classical,2954
classical,2954
classical,2954
classical,2954
classical,2954
classical,2954
classical,2935
classical,2935
classical,2935
classical,2935
classical,2935
classical,2935
classical,2935
classical,2935
classical,2935
classical,2935
classical,2935
classical,2935
classical,2935
classical,2935
classical,2935
classical,2935
classical,2935
classical,2935
classical,2935
classical,2935
classical,2935
classical,2935
classical,2935
classical,2935
classical,2935
classical,2938
classical,2938
classical,2938
classical,2938
classical,2938
classical,2938
classical,2938
classical,2938
classical,2938
classical,2938
classical,2938
classical,2938
classical,2938
classical,2938
classical,2938
classical,2938
classical,2938
classical,2938
classical,2938
classical,2938
classical,2938
classical,2938
classical,2938
classical,2938
classical,2938
classical,2926
classical,2926
classical,2926
classical,2926
classical,2926
classical,2926
classical,2926
classical,2926
classical,2926
classical,2926
classical,2926
classical,2926
classical,2926
classical,2926
classical,2926
classical,2926
classical,1
classical,2926
classical,2926
classical,2926
classical,2926
classical,2926
classical,2926
classical,2926
classical,1
classical,2939
classical,2939
classical,2939
classical,2939
classical,2939
classical,2939
classical,2939
classical,2939
classical,2939
classical,2939
classical,2939
classical,2939
classical,2939
classical,2939
classical,2939
classical,2939
classical,2939
classical,2939
classical,2939
classical,2939
classical,2939
classical,2939
classical,2939
classical,2939
classical,2939
classical,2943
classical,2943
classical,2943
classical,2943
classical,2943
classical,2943
classical,2943
classical,2943
classical,2943
classical,2943
classical,2943
classical,2943
classical,2943
classical,2943
classical,2943
classical,2943
classical,2943
classical,2943
classical,2943
classical,2943
classical,2943
classical,2943
classical,2943
classical,2943
classical,2943
classical,2945
classical,2945
classical,2945
classical,2945
classical,2945
classical,2945
classical,1
classical,2945
classical,2945
classical,2945
classical,2945
classical,2945
classical,2945
classical,2945
classical,2945
classical,1
classical,2945
classical,2945
classical,2945
classical,2945
classical,2945
classical,2945
classical,2945
classical,2945
classical,2945
classical,2943
classical,2943
classical,2943
classical,2943
classical,2943
classical,2943
classical,2943
classical,2943
classical,2943
classical,2943
classical,2943
classical,2943
classical,2943
classical,2943
classical,2943
classical,2943
classical,2943
classical,2943
classical,2943
classical,2943
classical,2943
classical,2943
classical,2943
classical,2943
classical,2943
classical,2937
classical,2937
classical,2937
classical,2937
classical,2937
classical,2937
classical,1
classical,2937
classical,2937
classical,2937
classical,2937
classical,2937
classical,2937
classical,2937
classical,2937
classical,2937
classical,2937
classical,2937
classical,2937
classical,2937
classical,2937
classical,2937
classical,2937
classical,2937
classical,2937
classical,2938
classical,2938
classical,2938
classical,2938
classical,2938
classical,2938
classical,2938
classical,1
classical,1
classical,2938
classical,2938
classical,2938
classical,2938
classical,2938
classical,2938
classical,2938
classical,2938
classical,2938
classical,2938
classical,2938
classical,2938
classical,2938
classical,2938
classical,2938
classical,2938
classical,2934
classical,2934
classical,2934
classical,2934
classical,2934
classical,2934
classical,2934
classical,2934
classical,2934
classical,2934
classical,2934
classical,2934
classical,2934
classical,2934
classical,2934
classical,2934
classical,1
classical,2934
classical,2934
classical,2934
classical,2934
classical,2934
classical,2934
classical,2934
classical,2934
classical,2942
classical,2942
classical,2942
classical,2942
classical,2942
classical,2942
classical,2942
classical,2942
classical,1
classical,2942
classical,2942
classical,2942
classical,2942
classical,2942
classical,2942
classical,2942
classical,2942
classical,2942
classical,2942
classical,2942
classical,2942
classical,2942
classical,2942
classical,2942
classical,2942
classical,2937
classical,2937
classical,2937
classical,2937
classical,2937
classical,2937
classical,2937
classical,2937
classical,2937
classical,2937
classical,2937
classical,2937
classical,2937
classical,2937
classical,2937
classical,2937
classical,2937
classical,2937
classical,2937
classical,2937
classical,2937
classical,2937
classical,2937
classical,2937
classical,2937
classical,2941
classical,2941
classical,2941
classical,2941
classical,2941
classical,2941
classical,2941
classical,2941
classical,2941
classical,2941
classical,2941
classical,2941
classical,2941
classical,2941
classical,2941
classical,2941
classical,2941
classical,2941
classical,2941
classical,2941
classical,2941
classical,2941
classical,2941
classical,1
classical,2941
classical,2937
classical,2937
classical,2937
classical,2937
classical,2937
classical,2937
classical,2937
classical,2937
classical,2937
classical,2937
classical,2937
classical,2937
classical,2937
classical,2937
classical,2937
classical,2937
classical,2937
classical,2937
classical,2937
classical,2937
classical,2937
classical,2937
classical,2937
classical,2937
classical,2937
classical,2946
classical,2946
classical,2946
classical,2946
classical,2946
classical,2946
classical,2946
classical,2946
classical,2946
classical,2946
classical,2946
classical,2946
classical,2946
classical,2946
classical,2946
classical,2946
classical,2946
classical,2946
classical,2946
classical,2946
classical,2946
classical,2946
classical,2946
classical,2946
classical,2946
classical,2961
classical,2961
classical,2961
classical,2961
classical,2961
classical,2961
classical,2961
classical,2961
classical,2961
classical,2961
classical,2961
classical,2961
classical,2961
classical,2961
classical,2961
classical,2961
classical,2961
classical,2961
classical,2961
classical,2961
classical,2961
classical,2961
classical,2961
classical,2961
classical,2961
classical,2922
classical,2922
classical,2922
classical,2922
classical,2922
classical,1
classical,2922
classical,2922
classical,2922
classical,2922
classical,2922
classical,2922
classical,2922
classical,2922
classical,2922
classical,2922
classical,2922
classical,2922
classical,2922
classical,2922
classical,2922
classical,2922
classical,2922
classical,2922
classical,2922
classical,2926
classical,2926
classical,2926
classical,2926
classical,2926
classical,2926
classical,2926
classical,2926
classical,2926
classical,2926
classical,2926
classical,2926
classical,2926
classical,2926
classical,2926
classical,2926
classical,2926
classical,2926
classical,2926
classical,2926
classical,2926
classical,2926
classical,1
classical,2926
classical,2926
classical,2954
classical,2954
classical,2954
classical,2954
classical,2954
classical,2954
classical,2954
classical,2954
classical,2954
classical,2954
classical,2954
classical,2954
classical,2954
classical,2954
classical,2954
classical,2954
classical,2954
classical,2954
classical,2954
classical,2954
classical,1
classical,2954
classical,2954
classical,2954
classical,2954
classical,2932
classical,2932
classical,2932
classical,1
classical,2932
classical,2932
classical,2932
classical,2932
classical,2932
classical,2932
classical,2932
classical,2932
classical,2932
classical,2932
classical,2932
classical,2932
classical,2932
classical,2932
classical,2932
classical,2
classical,2932
classical,2932
classical,2932
classical,2932
classical,2932
classical,2935
classical,2935
classical,2935
classical,2935
classical,2935
classical,2935
classical,2935
classical,2935
classical,2935
classical,2935
classical,2935
classical,2935
classical,2935
classical,2935
classical,2935
classical,2935
classical,2935
classical,2935
classical,2935
classical,2935
classical,2935
classical,1
classical,2935
classical,2935
classical,2935
classical,2935
classical,2935
classical,2935
classical,2935
classical,2935
classical,2935
classical,2935
classical,2935
classical,2935
classical,2935
classical,2935
classical,2935
classical,2935
classical,2935
classical,2935
classical,2935
classical,2935
classical,2935
classical,2935
classical,2935
classical,2935
classical,2935
classical,2935
classical,2935
classical,2935
classical,2958
classical,2958
classical,2958
classical,2958
classical,2958
classical,2958
classical,2958
classical,2958
classical,2958
classical,2958
classical,2958
classical,2958
classical,2958
classical,2958
classical,2958
classical,2958
classical,2958
classical,2958
classical,2958
classical,2958
classical,2958
classical,2958
classical,2958
classical,2958
classical,2958
classical,2939
classical,2939
classical,2939
classical,2939
classical,2939
classical,2939
classical,2939
classical,2939
classical,2939
classical,2939
classical,2939
classical,2939
classical,2939
classical,2939
classical,2
classical,2939
classical,2939
classical,2939
classical,2939
classical,2939
classical,2939
classical,2939
classical,2939
classical,2939
classical,2939
classical,2923
classical,2923
classical,2923
classical,2923
classical,2923
classical,2923
classical,2923
classical,2923
classical,2923
classical,2923
classical,2923
classical,2923
classical,2923
classical,2923
classical,2923
classical,2923
classical,2923
classical,2923
classical,2923
classical,2923
classical,2923
classical,2923
classical,2923
classical,2923
classical,2923
classical,2964
classical,2964
classical,2964
classical,2964
classical,2964
classical,2964
classical,2964
classical,2964
classical,2964
classical,2964
classical,2964
classical,2964
classical,2964
classical,2964
classical,2964
classical,2964
classical,2964
classical,2964
classical,2964
classical,2964
classical,2964
classical,2964
classical,2964
classical,2964
classical,2964
classical,2944
classical,2944
classical,2944
classical,2944
classical,2944
classical,2944
classical,2944
classical,2944
classical,2944
classical,2944
classical,2944
classical,2944
classical,2944
classical,2944
classical,2944
classical,2944
classical,2944
classical,2944
classical,2944
classical,2944
classical,2944
classical,2944
classical,2944
classical,2944
classical,2944
classical,2937
classical,2937
classical,2937
classical,2937
classical,2937
classical,2937
classical,2937
classical,2937
classical,2
classical,2937
classical,2937
classical,2937
classical,2937
classical,2937
classical,2937
classical,2937
classical,2937
classical,2937
classical,2937
classical,2937
classical,2937
classical,2937
classical,2937
classical,2937
classical,2937
classical,2962
classical,2962
classical,2962
classical,2962
classical,2962
classical,2962
classical,2962
classical,2962
classical,2962
classical,2962
classical,2
classical,2962
classical,2962
classical,2962
classical,2962
classical,2962
classical,2962
classical,2962
classical,2962
classical,2962
classical,2962
classical,2962
classical,2962
classical,2962
classical,2962
classical,2950
classical,2950
classical,2950
classical,2950
classical,2950
classical,2950
classical,2950
classical,2950
classical,2950
classical,2950
classical,2950
classical,2950
classical,2950
classical,2950
classical,2950
classical,2950
classical,2950
classical,2950
classical,2950
classical,2950
classical,2950
classical,2950
classical,2950
classical,2950
classical,2950
classical,2936
classical,2936
classical,2936
classical,2936
classical,2936
classical,2936
classical,2936
classical,2936
classical,2936
classical,2936
classical,2936
classical,2936
classical,2936
classical,2936
classical,2936
classical,2936
classical,2936
classical,2936
classical,2936
classical,2936
classical,2936
classical,2936
classical,2936
classical,2936
classical,2936
classical,2919
classical,2919
classical,2919
classical,2919
classical,2919
classical,2919
classical,2919
classical,2919
classical,2919
classical,2919
classical,2919
classical,2919
classical,2919
classical,2919
classical,2919
classical,2919
classical,2919
classical,2919
classical,2919
classical,2919
classical,2919
classical,2919
classical,2919
classical,2919
classical,2919
classical,2952
classical,2952
classical,2952
classical,2952
classical,2952
classical,2952
classical,2952
classical,2952
classical,2952
classical,2952
classical,2952
classical,2952
classical,2952
classical,2952
classical,2952
classical,2952
classical,2952
classical,2952
classical,2952
classical,2952
classical,2952
classical,2952
classical,1
classical,2952
classical,2952
classical,2936
classical,2936
classical,2936
classical,2936
classical,2936
classical,2936
classical,2936
classical,2936
classical,2936
classical,2936
classical,2936
classical,2936
classical,2936
classical,2936
classical,2936
classical,2936
classical,2936
classical,2936
classical,2936
classical,2936
classical,2936
classical,2936
classical,2936
classical,2936
classical,2936
classical,2936
classical,2936
classical,2936
classical,2936
classical,2936
classical,2936
classical,2936
classical,2936
classical,2936
classical,2936
classical,2936
classical,2936
classical,2936
classical,2936
classical,2936
classical,2936
classical,2936
classical,2936
classical,2936
classical,2936
classical,2936
classical,2936
classical,2936
classical,2936
classical,2936
classical,2939
classical,2939
classical,2939
classical,2939
classical,2939
classical,2939
classical,2939
classical,2939
classical,2939
classical,2939
classical,2939
classical,2939
classical,2939
classical,2939
classical,2939
classical,2939
classical,2939
classical,2939
classical,2939
classical,2939
classical,2939
classical,2939
classical,2939
classical,2939
classical,2939
classical,2942
classical,2942
classical,2942
classical,2942
classical,2942
classical,2942
classical,2942
classical,2942
classical,2942
classical,2942
classical,2942
classical,2942
classical,2942
classical,2942
classical,2942
classical,2942
classical,2942
classical,2942
classical,2942
classical,2942
classical,2942
classical,2942
classical,2942
classical,2942
classical,2942
classical,2938
classical,2938
classical,2938
classical,2938
classical,2938
classical,2938
classical,2938
classical,2938
classical,2938
classical,2938
classical,2938
classical,2938
classical,2938
classical,2938
classical,2938
classical,2938
classical,2938
classical,2938
classical,2938
classical,2938
classical,2938
classical,2938
classical,2938
classical,2938
classical,2938
classical,2943
classical,2943
classical,2943
classical,2943
classical,2943
classical,2943
classical,2943
classical,2943
classical,2943
classical,2943
classical,2943
classical,2943
classical,2943
classical,2943
classical,2943
classical,2943
classical,2943
classical,2943
classical,2943
classical,2943
classical,2943
classical,2943
classical,2943
classical,2943
classical,2943
classical,2938
classical,2938
classical,2938
classical,2938
classical,2938
classical,2938
classical,2938
classical,2938
classical,2938
classical,2938
classical,2938
classical,2938
classical,2938
classical,2938
classical,2938
classical,2938
classical,2938
classical,2938
classical,2938
classical,2938
classical,2938
classical,2938
classical,2938
classical,2938
classical,2938
classical,2936
classical,2936
classical,2936
classical,2936
classical,2936
classical,2936
classical,2
classical,2936
classical,2936
classical,2936
classical,2936
classical,2936
classical,2936
classical,2936
classical,2936
classical,2936
classical,2936
classical,2936
classical,2936
classical,2936
classical,2936
classical,2936
classical,2936
classical,2936
classical,2936
classical,2922
classical,2922
classical,2922
classical,2922
classical,2922
classical,2922
classical,2922
classical,2922
classical,2922
classical,2922
classical,2922
classical,2922
classical,2922
classical,2922
classical,2922
classical,2922
classical,2922
classical,2922
classical,2922
classical,2922
classical,2922
classical,2922
classical,2922
classical,2922
classical,2922
classical,2921
classical,2921
classical,2921
classical,2921
classical,2921
classical,2921
classical,2921
classical,2921
classical,2921
classical,2921
classical,2921
classical,2921
classical,2921
classical,2921
classical,2921
classical,2921
classical,2921
classical,2921
classical,2921
classical,2921
classical,2921
classical,2921
classical,2921
classical,2921
classical,2921
quantum_pos,2935
quantum_pos,2935
quantum_pos,2935
quantum_pos,2935
quantum_pos,2935
quantum_pos,2935
quantum_pos,2935
quantum_pos,2935
quantum_pos,2935
quantum_pos,2935
quantum_pos,2935
quantum_pos,2935
quantum_pos,2935
quantum_pos,2935
quantum_pos,2935
quantum_pos,2935
quantum_pos,2935
quantum_pos,2935
quantum_pos,2935
quantum_pos,2935
quantum_pos,2935
quantum_pos,2935
quantum_pos,2935
quantum_pos,2935
quantum_pos,2935
quantum_pos,2965
quantum_pos,2965
quantum_pos,2965
quantum_pos,2965
quantum_pos,2965
quantum_pos,2965
quantum_pos,2965
quantum_pos,2965
quantum_pos,2965
quantum_pos,2965
quantum_pos,2965
quantum_pos,2965
quantum_pos,2965
quantum_pos,2965
quantum_pos,2965
quantum_pos,2965
quantum_pos,2965
quantum_pos,2965
quantum_pos,2965
quantum_pos,2965
quantum_pos,2965
quantum_pos,2965
quantum_pos,2965
quantum_pos,2965
quantum_pos,2965
quantum_pos,2943
quantum_pos,2943
quantum_pos,2943
quantum_pos,2943
quantum_pos,2943
quantum_pos,2943
quantum_pos,2943
quantum_pos,2943
quantum_pos,2943
quantum_pos,2943
quantum_pos,2943
quantum_pos,2943
quantum_pos,2943
quantum_pos,2943
quantum_pos,2943
quantum_pos,2943
quantum_pos,2943
quantum_pos,2943
quantum_pos,2943
quantum_pos,2943
quantum_pos,2943
quantum_pos,2943
quantum_pos,2943
quantum_pos,2943
quantum_pos,2943
quantum_pos,2943
quantum_pos,2943
quantum_pos,2943
quantum_pos,2943
quantum_pos,2943
quantum_pos,2943
quantum_pos,2943
quantum_pos,2943
quantum_pos,2943
quantum_pos,2943
quantum_pos,2943
quantum_pos,2943
quantum_pos,2943
quantum_pos,2943
quantum_pos,2943
quantum_pos,2943
quantum_pos,2943
quantum_pos,2943
quantum_pos,2943
quantum_pos,2943
quantum_pos,2943
quantum_pos,2943
quantum_pos,2943
quantum_pos,2943
quantum_pos,2943
quantum_pos,2959
quantum_pos,2959
quantum_pos,2959
quantum_pos,2959
quantum_pos,2959
quantum_pos,2959
quantum_pos,2959
quantum_pos,2959
quantum_pos,2959
quantum_pos,2959
quantum_pos,2959
quantum_pos,2959
quantum_pos,2959
quantum_pos,2959
quantum_pos,2959
quantum_pos,2959
quantum_pos,2959
quantum_pos,2959
quantum_pos,2959
quantum_pos,2959
quantum_pos,2959
quantum_pos,2959
quantum_pos,2959
quantum_pos,2959
quantum_pos,2959
quantum_pos,2958
quantum_pos,2958
quantum_pos,2958
quantum_pos,2958
quantum_pos,2958
quantum_pos,2958
quantum_pos,2958
quantum_pos,2958
quantum_pos,2958
quantum_pos,2958
quantum_pos,2958
quantum_pos,2958
quantum_pos,2958
quantum_pos,2958
quantum_pos,2958
quantum_pos,1
quantum_pos,2958
quantum_pos,2958
quantum_pos,2958
quantum_pos,2958
quantum_pos,2958
quantum_pos,2958
quantum_pos,2958
quantum_pos,2958
quantum_pos,2958
quantum_pos,2963
quantum_pos,2963
quantum_pos,2963
quantum_pos,2963
quantum_pos,2963
quantum_pos,2963
quantum_pos,2963
quantum_pos,2963
quantum_pos,2963
quantum_pos,2963
quantum_pos,2963
quantum_pos,2963
quantum_pos,2963
quantum_pos,2963
quantum_pos,2963
quantum_pos,2963
quantum_pos,2963
quantum_pos,2963
quantum_pos,2963
quantum_pos,2963
quantum_pos,2963
quantum_pos,2963
quantum_pos,2963
quantum_pos,2963
quantum_pos,2963
quantum_pos,2947
quantum_pos,2947
quantum_pos,2947
quantum_pos,2947
quantum_pos,2947
quantum_pos,2947
quantum_pos,2947
quantum_pos,2947
quantum_pos,2947
quantum_pos,2947
quantum_pos,2947
quantum_pos,1
quantum_pos,2947
quantum_pos,2947
quantum_pos,2947
quantum_pos,2947
quantum_pos,2947
quantum_pos,2947
quantum_pos,2947
quantum_pos,2947
quantum_pos,2947
quantum_pos,2947
quantum_pos,2947
quantum_pos,2947
quantum_pos,2947
quantum_pos,2944
quantum_pos,2944
quantum_pos,2944
quantum_pos,2944
quantum_pos,2944
quantum_pos,2944
quantum_pos,2944
quantum_pos,2944
quantum_pos,2944
quantum_pos,2944
quantum_pos,2944
quantum_pos,2944
quantum_pos,2944
quantum_pos,2944
quantum_pos,2944
quantum_pos,2944
quantum_pos,2944
quantum_pos,2944
quantum_pos,2944
quantum_pos,2944
quantum_pos,2944
quantum_pos,2944
quantum_pos,2944
quantum_pos,2944
quantum_pos,2944
quantum_pos,2947
quantum_pos,2947
quantum_pos,2947
quantum_pos,1
quantum_pos,2947
quantum_pos,2947
quantum_pos,2947
quantum_pos,2947
quantum_pos,2947
quantum_pos,2947
quantum_pos,2947
quantum_pos,2947
quantum_pos,2947
quantum_pos,2947
quantum_pos,2947
quantum_pos,2947
quantum_pos,2947
quantum_pos,2947
quantum_pos,2947
quantum_pos,2947
quantum_pos,2947
quantum_pos,2947
quantum_pos,2947
quantum_pos,2947
quantum_pos,2947
quantum_pos,2949
quantum_pos,2949
quantum_pos,2949
quantum_pos,2949
quantum_pos,2949
quantum_pos,2949
quantum_pos,2949
quantum_pos,2949
quantum_pos,2949
quantum_pos,2949
quantum_pos,2949
quantum_pos,2949
quantum_pos,2949
quantum_pos,2949
quantum_pos,2949
quantum_pos,2949
quantum_pos,2949
quantum_pos,2949
quantum_pos,2949
quantum_pos,2949
quantum_pos,2949
quantum_pos,2949
quantum_pos,2949
quantum_pos,2949
quantum_pos,2949
quantum_pos,2952
quantum_pos,2952
quantum_pos,2952
quantum_pos,2952
quantum_pos,2952
quantum_pos,1
quantum_pos,2952
quantum_pos,2952
quantum_pos,2952
quantum_pos,2952
quantum_pos,2952
quantum_pos,2952
quantum_pos,2952
quantum_pos,2952
quantum_pos,2952
quantum_pos,2952
quantum_pos,1
quantum_pos,2952
quantum_pos,2952
quantum_pos,2952
quantum_pos,2952
quantum_pos,2952
quantum_pos,2952
quantum_pos,2952
quantum_pos,2952
quantum_pos,2955
quantum_pos,2955
quantum_pos,2955
quantum_pos,2955
quantum_pos,2955
quantum_pos,2955
quantum_pos,1
quantum_pos,2955
quantum_pos,2955
quantum_pos,2955
quantum_pos,2955
quantum_pos,2955
quantum_pos,2955
quantum_pos,2955
quantum_pos,2955
quantum_pos,2955
quantum_pos,2955
quantum_pos,2955
quantum_pos,2955
quantum_pos,2955
quantum_pos,2955
quantum_pos,2955
quantum_pos,2955
quantum_pos,2955
quantum_pos,2955
quantum_pos,2956
quantum_pos,2956
quantum_pos,2956
quantum_pos,2956
quantum_pos,2956
quantum_pos,2956
quantum_pos,2956
quantum_pos,2956
quantum_pos,1
quantum_pos,2956
quantum_pos,2956
quantum_pos,2956
quantum_pos,2956
quantum_pos,2956
quantum_pos,2956
quantum_pos,2956
quantum_pos,2956
quantum_pos,2956
quantum_pos,2956
quantum_pos,2956
quantum_pos,2956
quantum_pos,2956
quantum_pos,2956
quantum_pos,2956
quantum_pos,2956
quantum_pos,2952
quantum_pos,2952
quantum_pos,2952
quantum_pos,2952
quantum_pos,2952
quantum_pos,2952
quantum_pos,2952
quantum_pos,2952
quantum_pos,2952
quantum_pos,2952
quantum_pos,2952
quantum_pos,2952
quantum_pos,2952
quantum_pos,2952
quantum_pos,2952
quantum_pos,2952
quantum_pos,2
quantum_pos,2952
quantum_pos,2952
quantum_pos,2952
quantum_pos,2952
quantum_pos,2952
quantum_pos,2952
quantum_pos,2952
quantum_pos,2952
quantum_pos,2954
quantum_pos,2954
quantum_pos,2954
quantum_pos,2954
quantum_pos,2954
quantum_pos,2954
quantum_pos,2954
quantum_pos,2954
quantum_pos,2954
quantum_pos,2954
quantum_pos,2954
quantum_pos,2954
quantum_pos,2954
quantum_pos,2954
quantum_pos,2954
quantum_pos,2954
quantum_pos,2954
quantum_pos,2954
quantum_pos,2954
quantum_pos,2954
quantum_pos,2954
quantum_pos,2954
quantum_pos,2954
quantum_pos,2954
quantum_pos,2954
quantum_pos,2957
quantum_pos,2957
quantum_pos,2957
quantum_pos,2957
quantum_pos,2957
quantum_pos,2957
quantum_pos,2957
quantum_pos,2957
quantum_pos,2957
quantum_pos,2957
quantum_pos,2957
quantum_pos,2957
quantum_pos,2957
quantum_pos,2957
quantum_pos,2957
quantum_pos,2957
quantum_pos,2957
quantum_pos,2957
quantum_pos,2957
quantum_pos,2957
quantum_pos,2957
quantum_pos,2957
quantum_pos,2957
quantum_pos,2957
quantum_pos,2957
quantum_pos,2961
quantum_pos,2961
quantum_pos,2961
quantum_pos,2961
quantum_pos,2961
quantum_pos,2961
quantum_pos,2961
quantum_pos,2961
quantum_pos,2961
quantum_pos,2961
quantum_pos,2961
quantum_pos,2961
quantum_pos,2961
quantum_pos,2961
quantum_pos,2961
quantum_pos,2961
quantum_pos,2961
quantum_pos,2961
quantum_pos,2961
quantum_pos,2961
quantum_pos,2961
quantum_pos,2961
quantum_pos,2961
quantum_pos,2961
quantum_pos,2961
quantum_pos,2950
quantum_pos,2950
quantum_pos,2950
quantum_pos,2950
quantum_pos,2950
quantum_pos,2950
quantum_pos,2950
quantum_pos,2950
quantum_pos,2950
quantum_pos,2950
quantum_pos,2950
quantum_pos,2950
quantum_pos,2950
quantum_pos,2950
quantum_pos,2950
quantum_pos,2950
quantum_pos,2950
quantum_pos,2950
quantum_pos,2950
quantum_pos,2950
quantum_pos,2950
quantum_pos,2950
quantum_pos,2950
quantum_pos,2950
quantum_pos,2950
quantum_pos,2961
quantum_pos,2961
quantum_pos,1
quantum_pos,2961
quantum_pos,2961
quantum_pos,2961
quantum_pos,2961
quantum_pos,2961
quantum_pos,2961
quantum_pos,2961
quantum_pos,2961
quantum_pos,2961
quantum_pos,2961
quantum_pos,2961
quantum_pos,2961
quantum_pos,2961
quantum_pos,2961
quantum_pos,2961
quantum_pos,2961
quantum_pos,2961
quantum_pos,2961
quantum_pos,2961
quantum_pos,2961
quantum_pos,2961
quantum_pos,2961
quantum_pos,2963
quantum_pos,2963
quantum_pos,2963
quantum_pos,2963
quantum_pos,2963
quantum_pos,2963
quantum_pos,2963
quantum_pos,2963
quantum_pos,2963
quantum_pos,2963
quantum_pos,2963
quantum_pos,2963
quantum_pos,2963
quantum_pos,2963
quantum_pos,2963
quantum_pos,2963
quantum_pos,2963
quantum_pos,2963
quantum_pos,2963
quantum_pos,2963
quantum_pos,2963
quantum_pos,2963
quantum_pos,2963
quantum_pos,2963
quantum_pos,2963
quantum_pos,2955
quantum_pos,2955
quantum_pos,2955
quantum_pos,2955
quantum_pos,2955
quantum_pos,2955
quantum_pos,2955
quantum_pos,2955
quantum_pos,2955
quantum_pos,2955
quantum_pos,2955
quantum_pos,1
quantum_pos,2955
quantum_pos,2955
quantum_pos,2955
quantum_pos,2955
quantum_pos,2955
quantum_pos,2955
quantum_pos,2955
quantum_pos,2955
quantum_pos,2955
quantum_pos,2955
quantum_pos,2955
quantum_pos,2955
quantum_pos,2955
quantum_pos,2967
quantum_pos,2967
quantum_pos,2967
quantum_pos,2967
quantum_pos,2967
quantum_pos,2967
quantum_pos,2967
quantum_pos,2967
quantum_pos,2967
quantum_pos,2967
quantum_pos,2967
quantum_pos,2967
quantum_pos,2967
quantum_pos,2967
quantum_pos,2967
quantum_pos,2967
quantum_pos,2967
quantum_pos,2967
quantum_pos,2967
quantum_pos,2967
quantum_pos,2967
quantum_pos,2967
quantum_pos,2967
quantum_pos,2967
quantum_pos,2967
quantum_pos,2941
quantum_pos,2941
quantum_pos,2941
quantum_pos,2941
quantum_pos,2941
quantum_pos,2941
quantum_pos,2941
quantum_pos,2941
quantum_pos,2941
quantum_pos,2941
quantum_pos,2941
quantum_pos,2941
quantum_pos,2941
quantum_pos,2941
quantum_pos,2941
quantum_pos,2941
quantum_pos,2941
quantum_pos,2941
quantum_pos,2941
quantum_pos,2941
quantum_pos,2941
quantum_pos,2941
quantum_pos,2941
quantum_pos,2941
quantum_pos,2941
quantum_pos,2944
quantum_pos,2944
quantum_pos,2944
quantum_pos,2944
quantum_pos,2944
quantum_pos,2944
quantum_pos,2944
quantum_pos,2944
quantum_pos,2944
quantum_pos,2944
quantum_pos,2944
quantum_pos,2944
quantum_pos,2944
quantum_pos,2944
quantum_pos,2944
quantum_pos,2944
quantum_pos,2944
quantum_pos,2944
quantum_pos,2944
quantum_pos,2944
quantum_pos,2944
quantum_pos,2944
quantum_pos,2944
quantum_pos,2944
quantum_pos,2944
quantum_pos,2965
quantum_pos,2965
quantum_pos,2965
quantum_pos,2965
quantum_pos,2965
quantum_pos,2965
quantum_pos,2965
quantum_pos,2965
quantum_pos,2965
quantum_pos,2965
quantum_pos,2965
quantum_pos,2965
quantum_pos,2965
quantum_pos,2965
quantum_pos,2965
quantum_pos,2965
quantum_pos,2965
quantum_pos,2965
quantum_pos,2965
quantum_pos,2965
quantum_pos,2965
quantum_pos,2965
quantum_pos,2965
quantum_pos,2965
quantum_pos,2965
quantum_pos,2947
quantum_pos,2947
quantum_pos,2947
quantum_pos,2947
quantum_pos,2947
quantum_pos,2947
quantum_pos,2947
quantum_pos,2947
quantum_pos,2947
quantum_pos,2947
quantum_pos,2947
quantum_pos,2947
quantum_pos,2947
quantum_pos,2947
quantum_pos,2947
quantum_pos,2947
quantum_pos,2947
quantum_pos,2947
quantum_pos,2947
quantum_pos,2947
quantum_pos,2947
quantum_pos,2947
quantum_pos,2947
quantum_pos,2947
quantum_pos,2947
quantum_pos,1
quantum_pos,2952
quantum_pos,2952
quantum_pos,2952
quantum_pos,2952
quantum_pos,2952
quantum_pos,2952
quantum_pos,2952
quantum_pos,2952
quantum_pos,2952
quantum_pos,2952
quantum_pos,2952
quantum_pos,2952
quantum_pos,2952
quantum_pos,2952
quantum_pos,2952
quantum_pos,2952
quantum_pos,2952
quantum_pos,2952
quantum_pos,2952
quantum_pos,2952
quantum_pos,2952
quantum_pos,2952
quantum_pos,2952
quantum_pos,2952
quantum_pos,2942
quantum_pos,2942
quantum_pos,2942
quantum_pos,2942
quantum_pos,2942
quantum_pos,2942
quantum_pos,2942
quantum_pos,2942
quantum_pos,2942
quantum_pos,2942
quantum_pos,2942
quantum_pos,2942
quantum_pos,2942
quantum_pos,2942
quantum_pos,2942
quantum_pos,2942
quantum_pos,2942
quantum_pos,2942
quantum_pos,2942
quantum_pos,2942
quantum_pos,2942
quantum_pos,2942
quantum_pos,2942
quantum_pos,2942
quantum_pos,2942
quantum_pos,2966
quantum_pos,2966
quantum_pos,2966
quantum_pos,2966
quantum_pos,2966
quantum_pos,2966
quantum_pos,2966
quantum_pos,2966
quantum_pos,2966
quantum_pos,2966
quantum_pos,2966
quantum_pos,2966
quantum_pos,2966
quantum_pos,1
quantum_pos,2966
quantum_pos,2966
quantum_pos,2966
quantum_pos,2966
quantum_pos,2966
quantum_pos,2966
quantum_pos,2966
quantum_pos,2966
quantum_pos,2966
quantum_pos,2966
quantum_pos,2966
quantum_pos,2955
quantum_pos,2955
quantum_pos,2955
quantum_pos,2955
quantum_pos,2955
quantum_pos,2955
quantum_pos,2955
quantum_pos,2955
quantum_pos,2955
quantum_pos,2955
quantum_pos,2955
quantum_pos,2955
quantum_pos,2955
quantum_pos,2955
quantum_pos,2955
quantum_pos,2955
quantum_pos,2955
quantum_pos,2955
quantum_pos,2955
quantum_pos,2955
quantum_pos,2955
quantum_pos,2955
quantum_pos,2955
quantum_pos,2955
quantum_pos,2955
quantum_pos,2942
quantum_pos,2942
quantum_pos,2942
quantum_pos,2942
quantum_pos,2942
quantum_pos,2942
quantum_pos,1
quantum_pos,2942
quantum_pos,2942
quantum_pos,2942
quantum_pos,2942
quantum_pos,2942
quantum_pos,2942
quantum_pos,2942
quantum_pos,2942
quantum_pos,2942
quantum_pos,2942
quantum_pos,2942
quantum_pos,2942
quantum_pos,2942
quantum_pos,2942
quantum_pos,2942
quantum_pos,2942
quantum_pos,2942
quantum_pos,2942
quantum_pos,2972
quantum_pos,2972
quantum_pos,2972
quantum_pos,2972
quantum_pos,2972
quantum_pos,2972
quantum_pos,2972
quantum_pos,2972
quantum_pos,2972
quantum_pos,2972
quantum_pos,2972
quantum_pos,2972
quantum_pos,2972
quantum_pos,2972
quantum_pos,2972
quantum_pos,2972
quantum_pos,2972
quantum_pos,2972
quantum_pos,2972
quantum_pos,2972
quantum_pos,2972
quantum_pos,2972
quantum_pos,2972
quantum_pos,2972
quantum_pos,2972
quantum_pos,2955
quantum_pos,2955
quantum_pos,2955
quantum_pos,2955
quantum_pos,2955
quantum_pos,2955
quantum_pos,2955
quantum_pos,2955
quantum_pos,2955
quantum_pos,2955
quantum_pos,2955
quantum_pos,2955
quantum_pos,2955
quantum_pos,2955
quantum_pos,2955
quantum_pos,2955
quantum_pos,2955
quantum_pos,2955
quantum_pos,2955
quantum_pos,2955
quantum_pos,2955
quantum_pos,2955
quantum_pos,2955
quantum_pos,2955
quantum_pos,2955
quantum_pos,2951
quantum_pos,2951
quantum_pos,2951
quantum_pos,2951
quantum_pos,2951
quantum_pos,2951
quantum_pos,2951
quantum_pos,2951
quantum_pos,2951
quantum_pos,2951
quantum_pos,2951
quantum_pos,2951
quantum_pos,2951
quantum_pos,2951
quantum_pos,2951
quantum_pos,2951
quantum_pos,2951
quantum_pos,2951
quantum_pos,2951
quantum_pos,2951
quantum_pos,2951
quantum_pos,2951
quantum_pos,2951
quantum_pos,2951
quantum_pos,2951
quantum_pos,2968
quantum_pos,2968
quantum_pos,2968
quantum_pos,2968
quantum_pos,2968
quantum_pos,2968
quantum_pos,2968
quantum_pos,2968
quantum_pos,2968
quantum_pos,2968
quantum_pos,2968
quantum_pos,2968
quantum_pos,2968
quantum_pos,2968
quantum_pos,2968
quantum_pos,2968
quantum_pos,2968
quantum_pos,2968
quantum_pos,2968
quantum_pos,2968
quantum_pos,2968
quantum_pos,2968
quantum_pos,2968
quantum_pos,2968
quantum_pos,2968
quantum_pos,2963
quantum_pos,2963
quantum_pos,2963
quantum_pos,2963
quantum_pos,2963
quantum_pos,2963
quantum_pos,2963
quantum_pos,2963
quantum_pos,2963
quantum_pos,2963
quantum_pos,2963
quantum_pos,2963
quantum_pos,2963
quantum_pos,2963
quantum_pos,2963
quantum_pos,2963
quantum_pos,2963
quantum_pos,2963
quantum_pos,2963
quantum_pos,2963
quantum_pos,2963
quantum_pos,2963
quantum_pos,2963
quantum_pos,2963
quantum_pos,2963
quantum_pos,2949
quantum_pos,2949
quantum_pos,2949
quantum_pos,2949
quantum_pos,2949
quantum_pos,2949
quantum_pos,2949
quantum_pos,2949
quantum_pos,2949
quantum_pos,2949
quantum_pos,2949
quantum_pos,2949
quantum_pos,1
quantum_pos,2949
quantum_pos,2949
quantum_pos,2949
quantum_pos,2949
quantum_pos,2949
quantum_pos,2949
quantum_pos,2949
quantum_pos,2949
quantum_pos,2949
quantum_pos,2949
quantum_pos,2949
quantum_pos,2949
quantum_pos,2942
quantum_pos,2942
quantum_pos,2942
quantum_pos,2942
quantum_pos,2942
quantum_pos,2942
quantum_pos,2942
quantum_pos,2942
quantum_pos,2942
quantum_pos,2942
quantum_pos,2942
quantum_pos,2942
quantum_pos,2942
quantum_pos,2942
quantum_pos,2942
quantum_pos,2942
quantum_pos,2942
quantum_pos,2942
quantum_pos,2942
quantum_pos,2942
quantum_pos,2942
quantum_pos,2942
quantum_pos,2942
quantum_pos,2942
quantum_pos,2942
quantum_pos,2958
quantum_pos,2958
quantum_pos,2958
quantum_pos,2958
quantum_pos,2958
quantum_pos,2958
quantum_pos,2958
quantum_pos,2958
quantum_pos,2958
quantum_pos,2958
quantum_pos,2958
quantum_pos,2958
quantum_pos,2958
quantum_pos,2958
quantum_pos,2958
quantum_pos,2958
quantum_pos,2958
quantum_pos,2958
quantum_pos,2958
quantum_pos,2958
quantum_pos,2958
quantum_pos,2958
quantum_pos,2958
quantum_pos,2958
quantum_pos,2958
quantum_pos,2955
quantum_pos,2955
quantum_pos,2955
quantum_pos,2955
quantum_pos,2955
quantum_pos,2955
quantum_pos,2955
quantum_pos,2955
quantum_pos,2955
quantum_pos,2955
quantum_pos,2955
quantum_pos,2955
quantum_pos,1
quantum_pos,2955
quantum_pos,2955
quantum_pos,2955
quantum_pos,2955
quantum_pos,2955
quantum_pos,2955
quantum_pos,2955
quantum_pos,2955
quantum_pos,2955
quantum_pos,2955
quantum_pos,2955
quantum_pos,2955
quantum_pos,2961
quantum_pos,2961
quantum_pos,2961
quantum_pos,2961
quantum_pos,2961
quantum_pos,2961
quantum_pos,2961
quantum_pos,2961
quantum_pos,2961
quantum_pos,2961
quantum_pos,2961
quantum_pos,2961
quantum_pos,2961
quantum_pos,2961
quantum_pos,2961
quantum_pos,2961
quantum_pos,2961
quantum_pos,2961
quantum_pos,2961
quantum_pos,2961
quantum_pos,2961
quantum_pos,2961
quantum_pos,2961
quantum_pos,2961
quantum_pos,2961
quantum_pos,2959
quantum_pos,2959
quantum_pos,2959
quantum_pos,2959
quantum_pos,2959
quantum_pos,2959
quantum_pos,2959
quantum_pos,2959
quantum_pos,2959
quantum_pos,2959
quantum_pos,2959
quantum_pos,2959
quantum_pos,2959
quantum_pos,2959
quantum_pos,2959
quantum_pos,2959
quantum_pos,2959
quantum_pos,2959
quantum_pos,2959
quantum_pos,2959
quantum_pos,2959
quantum_pos,2959
quantum_pos,2959
quantum_pos,2959
quantum_pos,2959
quantum_pos,2954
quantum_pos,2954
quantum_pos,2954
quantum_pos,2954
quantum_pos,2954
quantum_pos,2954
quantum_pos,2954
quantum_pos,2954
quantum_pos,2954
quantum_pos,2954
quantum_pos,2954
quantum_pos,2954
quantum_pos,2954
quantum_pos,2954
quantum_pos,2954
quantum_pos,2954
quantum_pos,2954
quantum_pos,2954
quantum_pos,2954
quantum_pos,2954
quantum_pos,2954
quantum_pos,2954
quantum_pos,2954
quantum_pos,2954
quantum_pos,2954
quantum_pos,2949
quantum_pos,2949
quantum_pos,2949
quantum_pos,2949
quantum_pos,2949
quantum_pos,2949
quantum_pos,2949
quantum_pos,2949
quantum_pos,2949
quantum_pos,2949
quantum_pos,2949
quantum_pos,2949
quantum_pos,2949
quantum_pos,2949
quantum_pos,2949
quantum_pos,2949
quantum_pos,2949
quantum_pos,2949
quantum_pos,2949
quantum_pos,2949
quantum_pos,2949
quantum_pos,2949
quantum_pos,2949
quantum_pos,2949
quantum_pos,2949
quantum_pos,2958
quantum_pos,2958
quantum_pos,2958
quantum_pos,2958
quantum_pos,2958
quantum_pos,2958
quantum_pos,2958
quantum_pos,2958
quantum_pos,2958
quantum_pos,2958
quantum_pos,2958
quantum_pos,2958
quantum_pos,2958
quantum_pos,2958
quantum_pos,2958
quantum_pos,2958
quantum_pos,2958
quantum_pos,2958
quantum_pos,2958
quantum_pos,2958
quantum_pos,2958
quantum_pos,2958
quantum_pos,2958
quantum_pos,2958
quantum_pos,2958
quantum_pos,2957
quantum_pos,2957
quantum_pos,2957
quantum_pos,2957
quantum_pos,2957
quantum_pos,2957
quantum_pos,2957
quantum_pos,2957
quantum_pos,2957
quantum_pos,2957
quantum_pos,2957
quantum_pos,2957
quantum_pos,2957
quantum_pos,2957
quantum_pos,2957
quantum_pos,2957
quantum_pos,2957
quantum_pos,2957
quantum_pos,2957
quantum_pos,2957
quantum_pos,2957
quantum_pos,2957
quantum_pos,2957
quantum_pos,2957
quantum_pos,2957
quantum_pos,2951
quantum_pos,2951
quantum_pos,2951
quantum_pos,2951
quantum_pos,2951
quantum_pos,2951
quantum_pos,2951
quantum_pos,2951
quantum_pos,2951
quantum_pos,2951
quantum_pos,2951
quantum_pos,2951
quantum_pos,2951
quantum_pos,2951
quantum_pos,2951
quantum_pos,2951
quantum_pos,2951
quantum_pos,2951
quantum_pos,2951
quantum_pos,2951
quantum_pos,2951
quantum_pos,2951
quantum_pos,2951
quantum_pos,2951
quantum_pos,2951
quantum_pos,2948
quantum_pos,2948
quantum_pos,2948
quantum_pos,2948
quantum_pos,2948
quantum_pos,2948
quantum_pos,2948
quantum_pos,2948
quantum_pos,2948
quantum_pos,2948
quantum_pos,2948
quantum_pos,2948
quantum_pos,2948
quantum_pos,2948
quantum_pos,2948
quantum_pos,2948
quantum_pos,2948
quantum_pos,2948
quantum_pos,2948
quantum_pos,2948
quantum_pos,2948
quantum_pos,2948
quantum_pos,2948
quantum_pos,2948
quantum_pos,1
quantum_pos,2938
quantum_pos,2938
quantum_pos,2938
quantum_pos,2938
quantum_pos,2938
quantum_pos,2938
quantum_pos,2938
quantum_pos,2938
quantum_pos,2938
quantum_pos,2938
quantum_pos,2938
quantum_pos,2938
quantum_pos,2938
quantum_pos,2938
quantum_pos,2938
quantum_pos,2938
quantum_pos,2938
quantum_pos,2938
quantum_pos,2938
quantum_pos,2938
quantum_pos,2938
quantum_pos,2938
quantum_pos,2938
quantum_pos,2938
quantum_pos,2938
quantum_neg,2915
quantum_neg,2915
quantum_neg,2915
quantum_neg,2915
quantum_neg,2915
quantum_neg,2915
quantum_neg,2915
quantum_neg,2915
quantum_neg,2915
quantum_neg,2915
quantum_neg,2915
quantum_neg,2915
quantum_neg,2915
quantum_neg,2915
quantum_neg,2915
quantum_neg,2915
quantum_neg,2915
quantum_neg,2915
quantum_neg,2915
quantum_neg,2915
quantum_neg,2915
quantum_neg,2915
quantum_neg,2915
quantum_neg,2915
quantum_neg,2915
quantum_neg,2935
quantum_neg,2935
quantum_neg,2935
quantum_neg,2935
quantum_neg,2935
quantum_neg,2935
quantum_neg,2935
quantum_neg,2935
quantum_neg,2935
quantum_neg,2935
quantum_neg,2935
quantum_neg,2935
quantum_neg,2935
quantum_neg,2935
quantum_neg,2935
quantum_neg,2935
quantum_neg,2935
quantum_neg,2935
quantum_neg,2935
quantum_neg,2935
quantum_neg,2935
quantum_neg,2935
quantum_neg,2935
quantum_neg,2935
quantum_neg,2935
quantum_neg,2911
quantum_neg,2911
quantum_neg,2911
quantum_neg,2911
quantum_neg,2911
quantum_neg,2911
quantum_neg,2911
quantum_neg,2911
quantum_neg,2911
quantum_neg,2911
quantum_neg,2911
quantum_neg,2911
quantum_neg,2911
quantum_neg,2911
quantum_neg,2911
quantum_neg,2911
quantum_neg,2911
quantum_neg,2911
quantum_neg,2911
quantum_neg,2911
quantum_neg,2911
quantum_neg,2911
quantum_neg,2911
quantum_neg,2911
quantum_neg,2911
quantum_neg,2909
quantum_neg,2909
quantum_neg,2909
quantum_neg,2909
quantum_neg,2909
quantum_neg,2909
quantum_neg,2909
quantum_neg,2909
quantum_neg,2909
quantum_neg,2909
quantum_neg,2909
quantum_neg,2909
quantum_neg,2909
quantum_neg,2909
quantum_neg,2909
quantum_neg,2909
quantum_neg,1
quantum_neg,2909
quantum_neg,2909
quantum_neg,2909
quantum_neg,2909
quantum_neg,2909
quantum_neg,2909
quantum_neg,2909
quantum_neg,2909
quantum_neg,2939
quantum_neg,2939
quantum_neg,2939
quantum_neg,2939
quantum_neg,2939
quantum_neg,2939
quantum_neg,2939
quantum_neg,2939
quantum_neg,2939
quantum_neg,2939
quantum_neg,2939
quantum_neg,2939
quantum_neg,2939
quantum_neg,2939
quantum_neg,2939
quantum_neg,2939
quantum_neg,2939
quantum_neg,2939
quantum_neg,2939
quantum_neg,2939
quantum_neg,2939
quantum_neg,2939
quantum_neg,2939
quantum_neg,2939
quantum_neg,2939
quantum_neg,2937
quantum_neg,1
quantum_neg,2937
quantum_neg,2937
quantum_neg,2937
quantum_neg,2937
quantum_neg,2937
quantum_neg,2937
quantum_neg,2937
quantum_neg,2937
quantum_neg,2937
quantum_neg,2937
quantum_neg,2937
quantum_neg,2937
quantum_neg,2937
quantum_neg,2937
quantum_neg,2937
quantum_neg,2937
quantum_neg,2937
quantum_neg,2937
quantum_neg,2937
quantum_neg,2937
quantum_neg,2937
quantum_neg,2937
quantum_neg,2937
quantum_neg,2935
quantum_neg,2935
quantum_neg,2935
quantum_neg,2935
quantum_neg,2935
quantum_neg,2935
quantum_neg,2935
quantum_neg,1
quantum_neg,2935
quantum_neg,2935
quantum_neg,2935
quantum_neg,2935
quantum_neg,2935
quantum_neg,2935
quantum_neg,2935
quantum_neg,2935
quantum_neg,2935
quantum_neg,2935
quantum_neg,2935
quantum_neg,2935
quantum_neg,2935
quantum_neg,2935
quantum_neg,2935
quantum_neg,2935
quantum_neg,2935
quantum_neg,2921
quantum_neg,2921
quantum_neg,2921
quantum_neg,2921
quantum_neg,2921
quantum_neg,2921
quantum_neg,2921
quantum_neg,2921
quantum_neg,2921
quantum_neg,2921
quantum_neg,2921
quantum_neg,2921
quantum_neg,2921
quantum_neg,2921
quantum_neg,2921
quantum_neg,2921
quantum_neg,2921
quantum_neg,2921
quantum_neg,2921
quantum_neg,2921
quantum_neg,2921
quantum_neg,2921
quantum_neg,2921
quantum_neg,2921
quantum_neg,2921
quantum_neg,2925
quantum_neg,2925
quantum_neg,2925
quantum_neg,2925
quantum_neg,2925
quantum_neg,2925
quantum_neg,2925
quantum_neg,1
quantum_neg,2925
quantum_neg,2925
quantum_neg,2925
quantum_neg,2925
quantum_neg,2925
quantum_neg,2925
quantum_neg,2925
quantum_neg,2925
quantum_neg,2925
quantum_neg,2925
quantum_neg,2925
quantum_neg,2925
quantum_neg,2925
quantum_neg,2925
quantum_neg,2925
quantum_neg,2925
quantum_neg,2925
quantum_neg,2898
quantum_neg,2898
quantum_neg,2898
quantum_neg,2898
quantum_neg,2898
quantum_neg,2898
quantum_neg,2898
quantum_neg,2898
quantum_neg,2898
quantum_neg,2898
quantum_neg,2898
quantum_neg,2898
quantum_neg,2898
quantum_neg,2898
quantum_neg,2898
quantum_neg,2898
quantum_neg,2898
quantum_neg,2898
quantum_neg,2898
quantum_neg,2898
quantum_neg,2898
quantum_neg,2898
quantum_neg,2898
quantum_neg,2898
quantum_neg,2898
quantum_neg,2925
quantum_neg,2925
quantum_neg,2925
quantum_neg,2925
quantum_neg,2925
quantum_neg,2925
quantum_neg,2925
quantum_neg,2925
quantum_neg,2925
quantum_neg,2925
quantum_neg,2925
quantum_neg,2925
quantum_neg,2925
quantum_neg,2925
quantum_neg,2925
quantum_neg,2925
quantum_neg,2925
quantum_neg,7
quantum_neg,2925
quantum_neg,2925
quantum_neg,2925
quantum_neg,2925
quantum_neg,2925
quantum_neg,2925
quantum_neg,2925
quantum_neg,2930
quantum_neg,2930
quantum_neg,2930
quantum_neg,2930
quantum_neg,2930
quantum_neg,2930
quantum_neg,2930
quantum_neg,2930
quantum_neg,2930
quantum_neg,2930
quantum_neg,2930
quantum_neg,2930
quantum_neg,2930
quantum_neg,2930
quantum_neg,2930
quantum_neg,2930
quantum_neg,2930
quantum_neg,2930
quantum_neg,2930
quantum_neg,2930
quantum_neg,2930
quantum_neg,2930
quantum_neg,2930
quantum_neg,2930
quantum_neg,2930
quantum_neg,2934
quantum_neg,2934
quantum_neg,2934
quantum_neg,2934
quantum_neg,2934
quantum_neg,2934
quantum_neg,2934
quantum_neg,1
quantum_neg,2934
quantum_neg,2934
quantum_neg,2934
quantum_neg,2934
quantum_neg,2934
quantum_neg,2934
quantum_neg,2934
quantum_neg,2934
quantum_neg,2934
quantum_neg,2934
quantum_neg,2934
quantum_neg,2934
quantum_neg,2934
quantum_neg,2934
quantum_neg,2934
quantum_neg,2934
quantum_neg,2934
quantum_neg,2929
quantum_neg,2929
quantum_neg,2929
quantum_neg,2929
quantum_neg,2929
quantum_neg,2929
quantum_neg,2929
quantum_neg,2929
quantum_neg,2929
quantum_neg,2929
quantum_neg,2929
quantum_neg,2929
quantum_neg,2929
quantum_neg,2929
quantum_neg,2929
quantum_neg,2929
quantum_neg,2929
quantum_neg,2929
quantum_neg,2929
quantum_neg,2929
quantum_neg,2929
quantum_neg,2929
quantum_neg,2929
quantum_neg,2929
quantum_neg,2929
quantum_neg,1
quantum_neg,2924
quantum_neg,2924
quantum_neg,2924
quantum_neg,2924
quantum_neg,2924
quantum_neg,2924
quantum_neg,2924
quantum_neg,2924
quantum_neg,2924
quantum_neg,2924
quantum_neg,2924
quantum_neg,2924
quantum_neg,2924
quantum_neg,1
quantum_neg,2924
quantum_neg,2924
quantum_neg,2924
quantum_neg,2924
quantum_neg,2924
quantum_neg,2924
quantum_neg,2924
quantum_neg,2924
quantum_neg,2924
quantum_neg,2924
quantum_neg,2921
quantum_neg,2921
quantum_neg,2921
quantum_neg,2921
quantum_neg,2921
quantum_neg,2921
quantum_neg,2921
quantum_neg,2921
quantum_neg,2921
quantum_neg,2921
quantum_neg,2921
quantum_neg,2921
quantum_neg,12
quantum_neg,2921
quantum_neg,2921
quantum_neg,2921
quantum_neg,2921
quantum_neg,2921
quantum_neg,2921
quantum_neg,2921
quantum_neg,2921
quantum_neg,2921
quantum_neg,2921
quantum_neg,2921
quantum_neg,2921
quantum_neg,2913
quantum_neg,2913
quantum_neg,2913
quantum_neg,2913
quantum_neg,2913
quantum_neg,2913
quantum_neg,2913
quantum_neg,2913
quantum_neg,2913
quantum_neg,2913
quantum_neg,2913
quantum_neg,2913
quantum_neg,2913
quantum_neg,2913
quantum_neg,2913
quantum_neg,2913
quantum_neg,2913
quantum_neg,2913
quantum_neg,2913
quantum_neg,2913
quantum_neg,2913
quantum_neg,2913
quantum_neg,2913
quantum_neg,2913
quantum_neg,2913
quantum_neg,2919
quantum_neg,2919
quantum_neg,2919
quantum_neg,2919
quantum_neg,1
quantum_neg,2919
quantum_neg,2919
quantum_neg,2919
quantum_neg,2919
quantum_neg,2919
quantum_neg,2919
quantum_neg,2919
quantum_neg,2919
quantum_neg,2919
quantum_neg,2919
quantum_neg,2919
quantum_neg,2919
quantum_neg,2919
quantum_neg,2919
quantum_neg,2919
quantum_neg,2919
quantum_neg,2919
quantum_neg,2919
quantum_neg,2919
quantum_neg,2919
quantum_neg,2
quantum_neg,2915
quantum_neg,2915
quantum_neg,2915
quantum_neg,2915
quantum_neg,2915
quantum_neg,2915
quantum_neg,2915
quantum_neg,2915
quantum_neg,2915
quantum_neg,2915
quantum_neg,2915
quantum_neg,2915
quantum_neg,2915
quantum_neg,2915
quantum_neg,1
quantum_neg,2915
quantum_neg,2915
quantum_neg,2915
quantum_neg,2915
quantum_neg,2915
quantum_neg,2915
quantum_neg,2915
quantum_neg,2915
quantum_neg,2915
quantum_neg,2926
quantum_neg,2926
quantum_neg,2926
quantum_neg,1
quantum_neg,2926
quantum_neg,2926
quantum_neg,2926
quantum_neg,2926
quantum_neg,2926
quantum_neg,2926
quantum_neg,2926
quantum_neg,2926
quantum_neg,2926
quantum_neg,2926
quantum_neg,2926
quantum_neg,2926
quantum_neg,2926
quantum_neg,2926
quantum_neg,2926
quantum_neg,2926
quantum_neg,2926
quantum_neg,2926
quantum_neg,2926
quantum_neg,2926
quantum_neg,2926
quantum_neg,2927
quantum_neg,2927
quantum_neg,2927
quantum_neg,2927
quantum_neg,2927
quantum_neg,1
quantum_neg,2927
quantum_neg,2927
quantum_neg,2927
quantum_neg,2927
quantum_neg,2927
quantum_neg,2927
quantum_neg,2927
quantum_neg,2927
quantum_neg,2927
quantum_neg,2927
quantum_neg,2927
quantum_neg,2927
quantum_neg,2927
quantum_neg,2927
quantum_neg,2927
quantum_neg,2927
quantum_neg,2927
quantum_neg,2927
quantum_neg,2927
quantum_neg,2928
quantum_neg,2928
quantum_neg,2928
quantum_neg,2928
quantum_neg,2928
quantum_neg,2928
quantum_neg,2928
quantum_neg,2928
quantum_neg,2928
quantum_neg,2928
quantum_neg,2928
quantum_neg,2928
quantum_neg,2928
quantum_neg,2928
quantum_neg,2928
quantum_neg,2928
quantum_neg,2928
quantum_neg,2928
quantum_neg,2928
quantum_neg,2928
quantum_neg,2928
quantum_neg,2928
quantum_neg,2928
quantum_neg,2928
quantum_neg,2928
quantum_neg,2951
quantum_neg,2951
quantum_neg,2951
quantum_neg,2951
quantum_neg,2951
quantum_neg,2951
quantum_neg,2951
quantum_neg,2951
quantum_neg,2951
quantum_neg,2951
quantum_neg,2951
quantum_neg,2951
quantum_neg,2951
quantum_neg,2951
quantum_neg,2951
quantum_neg,2951
quantum_neg,2951
quantum_neg,2951
quantum_neg,2951
quantum_neg,2951
quantum_neg,2951
quantum_neg,2951
quantum_neg,2951
quantum_neg,2951
quantum_neg,2951
quantum_neg,2902
quantum_neg,2902
quantum_neg,2902
quantum_neg,2902
quantum_neg,2902
quantum_neg,1
quantum_neg,2902
quantum_neg,2902
quantum_neg,2902
quantum_neg,2902
quantum_neg,2902
quantum_neg,2902
quantum_neg,2902
quantum_neg,2902
quantum_neg,2902
quantum_neg,2902
quantum_neg,2902
quantum_neg,2902
quantum_neg,2902
quantum_neg,2902
quantum_neg,2902
quantum_neg,2902
quantum_neg,2902
quantum_neg,2902
quantum_neg,2902
quantum_neg,2911
quantum_neg,2911
quantum_neg,2911
quantum_neg,1
quantum_neg,2911
quantum_neg,2911
quantum_neg,2911
quantum_neg,2911
quantum_neg,2911
quantum_neg,2911
quantum_neg,2911
quantum_neg,2911
quantum_neg,2911
quantum_neg,2911
quantum_neg,2911
quantum_neg,2911
quantum_neg,1
quantum_neg,2911
quantum_neg,2911
quantum_neg,2911
quantum_neg,2911
quantum_neg,2911
quantum_neg,2911
quantum_neg,2911
quantum_neg,2911
quantum_neg,2939
quantum_neg,2939
quantum_neg,2939
quantum_neg,2939
quantum_neg,2939
quantum_neg,2939
quantum_neg,2939
quantum_neg,2939
quantum_neg,2939
quantum_neg,2939
quantum_neg,2939
quantum_neg,2939
quantum_neg,2939
quantum_neg,2939
quantum_neg,2939
quantum_neg,2939
quantum_neg,2939
quantum_neg,2939
quantum_neg,2939
quantum_neg,2939
quantum_neg,2939
quantum_neg,2939
quantum_neg,2939
quantum_neg,2939
quantum_neg,2939
quantum_neg,2899
quantum_neg,2899
quantum_neg,2899
quantum_neg,2899
quantum_neg,2899
quantum_neg,2899
quantum_neg,2899
quantum_neg,2899
quantum_neg,2899
quantum_neg,2899
quantum_neg,2899
quantum_neg,2899
quantum_neg,2899
quantum_neg,2899
quantum_neg,2899
quantum_neg,2899
quantum_neg,2899
quantum_neg,2899
quantum_neg,2899
quantum_neg,2899
quantum_neg,2899
quantum_neg,1
quantum_neg,2899
quantum_neg,2899
quantum_neg,2899
quantum_neg,2923
quantum_neg,2923
quantum_neg,2923
quantum_neg,2923
quantum_neg,1
quantum_neg,2923
quantum_neg,2923
quantum_neg,2923
quantum_neg,2923
quantum_neg,2923
quantum_neg,2923
quantum_neg,2923
quantum_neg,2923
quantum_neg,2923
quantum_neg,2923
quantum_neg,2923
quantum_neg,2923
quantum_neg,2923
quantum_neg,2923
quantum_neg,2923
quantum_neg,2923
quantum_neg,2923
quantum_neg,2923
quantum_neg,2923
quantum_neg,2923
quantum_neg,2923
quantum_neg,2923
quantum_neg,2923
quantum_neg,2923
quantum_neg,2923
quantum_neg,2923
quantum_neg,2923
quantum_neg,2923
quantum_neg,2923
quantum_neg,2923
quantum_neg,2923
quantum_neg,2923
quantum_neg,2923
quantum_neg,2923
quantum_neg,2923
quantum_neg,2923
quantum_neg,2923
quantum_neg,2923
quantum_neg,2923
quantum_neg,2923
quantum_neg,2923
quantum_neg,2923
quantum_neg,2923
quantum_neg,2923
quantum_neg,2923
quantum_neg,2942
quantum_neg,2942
quantum_neg,2942
quantum_neg,2942
quantum_neg,2942
quantum_neg,2942
quantum_neg,2942
quantum_neg,2942
quantum_neg,2942
quantum_neg,2942
quantum_neg,2942
quantum_neg,2942
quantum_neg,2942
quantum_neg,2942
quantum_neg,2942
quantum_neg,2942
quantum_neg,2942
quantum_neg,1
quantum_neg,2942
quantum_neg,2942
quantum_neg,2942
quantum_neg,2942
quantum_neg,2942
quantum_neg,2942
quantum_neg,2942
quantum_neg,2924
quantum_neg,2924
quantum_neg,2924
quantum_neg,2924
quantum_neg,2924
quantum_neg,2924
quantum_neg,2924
quantum_neg,2924
quantum_neg,2924
quantum_neg,2924
quantum_neg,2924
quantum_neg,2924
quantum_neg,2924
quantum_neg,2924
quantum_neg,2924
quantum_neg,2924
quantum_neg,2924
quantum_neg,2924
quantum_neg,2924
quantum_neg,2924
quantum_neg,2924
quantum_neg,2924
quantum_neg,2924
quantum_neg,2924
quantum_neg,2924
quantum_neg,2912
quantum_neg,2912
quantum_neg,2912
quantum_neg,2912
quantum_neg,2912
quantum_neg,2912
quantum_neg,2912
quantum_neg,2912
quantum_neg,2912
quantum_neg,2912
quantum_neg,2912
quantum_neg,2912
quantum_neg,2912
quantum_neg,2912
quantum_neg,2912
quantum_neg,2912
quantum_neg,2912
quantum_neg,2912
quantum_neg,1
quantum_neg,2912
quantum_neg,2912
quantum_neg,2912
quantum_neg,2912
quantum_neg,2912
quantum_neg,2912
quantum_neg,2950
quantum_neg,2950
quantum_neg,2950
quantum_neg,2950
quantum_neg,2950
quantum_neg,2950
quantum_neg,2950
quantum_neg,2950
quantum_neg,2950
quantum_neg,2950
quantum_neg,2950
quantum_neg,2950
quantum_neg,2950
quantum_neg,2950
quantum_neg,2950
quantum_neg,2950
quantum_neg,2950
quantum_neg,2950
quantum_neg,2950
quantum_neg,2950
quantum_neg,2950
quantum_neg,2950
quantum_neg,2950
quantum_neg,2950
quantum_neg,2950
quantum_neg,2919
quantum_neg,2919
quantum_neg,2919
quantum_neg,2919
quantum_neg,2919
quantum_neg,2919
quantum_neg,2919
quantum_neg,2919
quantum_neg,2919
quantum_neg,2919
quantum_neg,2919
quantum_neg,2919
quantum_neg,2919
quantum_neg,2919
quantum_neg,2919
quantum_neg,2919
quantum_neg,2919
quantum_neg,2919
quantum_neg,2919
quantum_neg,2919
quantum_neg,2919
quantum_neg,2919
quantum_neg,2919
quantum_neg,2919
quantum_neg,2919
quantum_neg,2929
quantum_neg,2929
quantum_neg,2929
quantum_neg,2929
quantum_neg,2929
quantum_neg,2929
quantum_neg,2929
quantum_neg,2929
quantum_neg,2929
quantum_neg,2929
quantum_neg,2929
quantum_neg,2929
quantum_neg,2929
quantum_neg,2929
quantum_neg,2929
quantum_neg,2929
quantum_neg,2929
quantum_neg,2929
quantum_neg,2929
quantum_neg,2929
quantum_neg,2929
quantum_neg,2929
quantum_neg,2929
quantum_neg,2929
quantum_neg,2929
quantum_neg,2948
quantum_neg,2948
quantum_neg,2948
quantum_neg,2948
quantum_neg,2948
quantum_neg,2948
quantum_neg,2948
quantum_neg,2948
quantum_neg,2948
quantum_neg,2948
quantum_neg,2948
quantum_neg,2948
quantum_neg,2948
quantum_neg,2948
quantum_neg,2948
quantum_neg,2948
quantum_neg,2948
quantum_neg,2948
quantum_neg,2948
quantum_neg,2948
quantum_neg,2948
quantum_neg,2948
quantum_neg,2948
quantum_neg,2948
quantum_neg,2948
quantum_neg,2939
quantum_neg,2939
quantum_neg,2939
quantum_neg,2939
quantum_neg,2939
quantum_neg,2939
quantum_neg,2939
quantum_neg,2939
quantum_neg,2939
quantum_neg,2939
quantum_neg,2939
quantum_neg,2939
quantum_neg,2939
quantum_neg,2939
quantum_neg,2939
quantum_neg,2939
quantum_neg,2939
quantum_neg,2939
quantum_neg,2939
quantum_neg,2939
quantum_neg,2939
quantum_neg,2939
quantum_neg,2939
quantum_neg,2939
quantum_neg,2939
quantum_neg,2930
quantum_neg,2930
quantum_neg,2930
quantum_neg,2930
quantum_neg,2930
quantum_neg,2930
quantum_neg,2930
quantum_neg,2930
quantum_neg,2930
quantum_neg,2930
quantum_neg,2930
quantum_neg,2930
quantum_neg,2930
quantum_neg,2930
quantum_neg,2930
quantum_neg,2930
quantum_neg,2930
quantum_neg,2930
quantum_neg,2930
quantum_neg,2930
quantum_neg,2930
quantum_neg,2930
quantum_neg,2930
quantum_neg,2930
quantum_neg,2930
quantum_neg,2907
quantum_neg,2907
quantum_neg,2907
quantum_neg,2907
quantum_neg,2907
quantum_neg,2907
quantum_neg,2907
quantum_neg,2907
quantum_neg,2907
quantum_neg,2907
quantum_neg,2907
quantum_neg,2907
quantum_neg,2907
quantum_neg,2907
quantum_neg,2907
quantum_neg,2907
quantum_neg,2907
quantum_neg,2907
quantum_neg,2907
quantum_neg,2907
quantum_neg,2907
quantum_neg,2907
quantum_neg,2907
quantum_neg,2907
quantum_neg,2907
quantum_neg,2943
quantum_neg,2943
quantum_neg,2943
quantum_neg,2943
quantum_neg,2943
quantum_neg,2943
quantum_neg,2943
quantum_neg,2943
quantum_neg,2943
quantum_neg,2943
quantum_neg,2943
quantum_neg,2943
quantum_neg,2943
quantum_neg,2943
quantum_neg,2943
quantum_neg,2943
quantum_neg,2943
quantum_neg,2943
quantum_neg,2943
quantum_neg,2943
quantum_neg,2943
quantum_neg,2943
quantum_neg,2943
quantum_neg,2943
quantum_neg,2943
quantum_neg,2917
quantum_neg,2917
quantum_neg,2917
quantum_neg,2917
quantum_neg,2917
quantum_neg,2917
quantum_neg,2917
quantum_neg,2917
quantum_neg,2917
quantum_neg,2917
quantum_neg,2917
quantum_neg,2917
quantum_neg,2917
quantum_neg,2917
quantum_neg,2917
quantum_neg,2917
quantum_neg,2917
quantum_neg,2917
quantum_neg,2917
quantum_neg,2917
quantum_neg,2917
quantum_neg,2917
quantum_neg,2917
quantum_neg,2917
quantum_neg,2917
quantum_neg,2933
quantum_neg,2933
quantum_neg,2933
quantum_neg,2933
quantum_neg,1
quantum_neg,2933
quantum_neg,2933
quantum_neg,2933
quantum_neg,2933
quantum_neg,2933
quantum_neg,2933
quantum_neg,2933
quantum_neg,2933
quantum_neg,2933
quantum_neg,2933
quantum_neg,2933
quantum_neg,2933
quantum_neg,2933
quantum_neg,2933
quantum_neg,2933
quantum_neg,2933
quantum_neg,2933
quantum_neg,2933
quantum_neg,2933
quantum_neg,2933
quantum_neg,2927
quantum_neg,2927
quantum_neg,2927
quantum_neg,2927
quantum_neg,2927
quantum_neg,2927
quantum_neg,2927
quantum_neg,2927
quantum_neg,2927
quantum_neg,2927
quantum_neg,2927
quantum_neg,2927
quantum_neg,2927
quantum_neg,2927
quantum_neg,2927
quantum_neg,2927
quantum_neg,2927
quantum_neg,2927
quantum_neg,2927
quantum_neg,2927
quantum_neg,2927
quantum_neg,2927
quantum_neg,2927
quantum_neg,2927
quantum_neg,2927
quantum_neg,2927
quantum_neg,2927
quantum_neg,2927
quantum_neg,2927
quantum_neg,2927
quantum_neg,2927
quantum_neg,2927
quantum_neg,2927
quantum_neg,2927
quantum_neg,2927
quantum_neg,2927
quantum_neg,1
quantum_neg,2927
quantum_neg,2927
quantum_neg,2927
quantum_neg,2927
quantum_neg,2927
quantum_neg,2927
quantum_neg,2927
quantum_neg,2927
quantum_neg,2927
quantum_neg,2927
quantum_neg,2927
quantum_neg,2927
quantum_neg,2927
quantum_neg,2926
quantum_neg,2926
quantum_neg,2926
quantum_neg,2926
quantum_neg,2926
quantum_neg,2926
quantum_neg,2926
quantum_neg,2926
quantum_neg,2926
quantum_neg,2926
quantum_neg,2926
quantum_neg,2926
quantum_neg,2926
quantum_neg,2926
quantum_neg,2926
quantum_neg,2926
quantum_neg,2926
quantum_neg,2926
quantum_neg,2926
quantum_neg,2926
quantum_neg,2926
quantum_neg,2926
quantum_neg,2926
quantum_neg,2926
quantum_neg,2926
quantum_neg,2919
quantum_neg,2919
quantum_neg,2919
quantum_neg,2919
quantum_neg,2919
quantum_neg,2919
quantum_neg,2919
quantum_neg,2919
quantum_neg,2919
quantum_neg,2919
quantum_neg,2919
quantum_neg,2919
quantum_neg,1
quantum_neg,2919
quantum_neg,2919
quantum_neg,2919
quantum_neg,2919
quantum_neg,2919
quantum_neg,2919
quantum_neg,2919
quantum_neg,2919
quantum_neg,1
quantum_neg,2919
quantum_neg,1
quantum_neg,2919
quantum_neg,2921
quantum_neg,2921
quantum_neg,2921
quantum_neg,2921
quantum_neg,1
quantum_neg,2921
quantum_neg,2921
quantum_neg,2921
quantum_neg,1
quantum_neg,2921
quantum_neg,2921
quantum_neg,1
quantum_neg,2921
quantum_neg,2921
quantum_neg,2921
quantum_neg,2921
quantum_neg,2921
quantum_neg,2921
quantum_neg,2921
quantum_neg,2921
quantum_neg,2921
quantum_neg,2921
quantum_neg,2921
quantum_neg,2921
quantum_neg,2921
quantum_neg,2918
quantum_neg,2918
quantum_neg,2918
quantum_neg,2918
quantum_neg,2918
quantum_neg,2918
quantum_neg,2918
quantum_neg,2918
quantum_neg,2918
quantum_neg,2918
quantum_neg,2918
quantum_neg,2918
quantum_neg,2918
quantum_neg,2918
quantum_neg,2918
quantum_neg,2918
quantum_neg,2918
quantum_neg,2918
quantum_neg,2918
quantum_neg,2918
quantum_neg,2918
quantum_neg,2918
quantum_neg,2918
quantum_neg,2918
quantum_neg,2918
quantum_neg,2911
quantum_neg,2911
quantum_neg,2911
quantum_neg,2911
quantum_neg,2911
quantum_neg,2911
quantum_neg,2911
quantum_neg,2911
quantum_neg,2911
quantum_neg,2911
quantum_neg,2911
quantum_neg,2911
quantum_neg,2911
quantum_neg,2911
quantum_neg,2911
quantum_neg,2911
quantum_neg,2911
quantum_neg,2911
quantum_neg,2911
quantum_neg,2911
quantum_neg,2911
quantum_neg,2911
quantum_neg,1
quantum_neg,2911
quantum_neg,2911
quantum_neg,2906
quantum_neg,2906
quantum_neg,2906
quantum_neg,2906
quantum_neg,2906
quantum_neg,2906
quantum_neg,2906
quantum_neg,2906
quantum_neg,1
quantum_neg,2906
quantum_neg,2906
quantum_neg,2906
quantum_neg,2906
quantum_neg,2906
quantum_neg,2906
quantum_neg,2906
quantum_neg,2906
quantum_neg,2906
quantum_neg,2906
quantum_neg,2906
quantum_neg,2906
quantum_neg,2906
quantum_neg,2906
quantum_neg,2906
quantum_neg,2906
mimic,2997
mimic,2997
mimic,2997
mimic,2997
mimic,2997
mimic,2997
mimic,2997
mimic,2997
mimic,2997
mimic,2997
mimic,2997
mimic,2997
mimic,2997
mimic,2997
mimic,2997
mimic,2997
mimic,2997
mimic,2997
mimic,2997
mimic,2997
mimic,2997
mimic,2997
mimic,2997
mimic,2997
mimic,2997
mimic,2977
mimic,2977
mimic,2977
mimic,2977
mimic,2977
mimic,2977
mimic,2977
mimic,2977
mimic,2977
mimic,2977
mimic,2977
mimic,2977
mimic,2977
mimic,2977
mimic,2977
mimic,2977
mimic,2977
mimic,2977
mimic,2977
mimic,2977
mimic,2977
mimic,2977
mimic,2977
mimic,2977
mimic,2977
mimic,2971
mimic,2971
mimic,2971
mimic,2971
mimic,2971
mimic,2971
mimic,2971
mimic,2971
mimic,2971
mimic,2971
mimic,2971
mimic,2971
mimic,2971
mimic,2971
mimic,2971
mimic,2971
mimic,2971
mimic,2971
mimic,2971
mimic,2971
mimic,2971
mimic,2971
mimic,2971
mimic,2971
mimic,2971
mimic,2994
mimic,2994
mimic,2994
mimic,2994
mimic,2994
mimic,2994
mimic,2994
mimic,2994
mimic,2994
mimic,2994
mimic,2994
mimic,2994
mimic,2994
mimic,2994
mimic,2994
mimic,2994
mimic,2994
mimic,2994
mimic,2994
mimic,2994
mimic,2994
mimic,2994
mimic,2994
mimic,2994
mimic,2994
mimic,2976
mimic,2976
mimic,2976
mimic,2976
mimic,2976
mimic,2976
mimic,2976
mimic,2976
mimic,2976
mimic,2976
mimic,2976
mimic,2976
mimic,2976
mimic,2976
mimic,2976
mimic,2976
mimic,2976
mimic,2976
mimic,2976
mimic,2976
mimic,2976
mimic,2976
mimic,2976
mimic,2976
mimic,2976
mimic,2946
mimic,2946
mimic,2946
mimic,2946
mimic,2946
mimic,2946
mimic,2946
mimic,2946
mimic,2946
mimic,2946
mimic,2946
mimic,2946
mimic,2946
mimic,2946
mimic,2946
mimic,2946
mimic,2946
mimic,2946
mimic,2946
mimic,2946
mimic,2946
mimic,2946
mimic,2946
mimic,2946
mimic,2946
mimic,2983
mimic,2983
mimic,2983
mimic,2983
mimic,2983
mimic,2983
mimic,2983
mimic,2983
mimic,2983
mimic,2983
mimic,2983
mimic,2983
mimic,2983
mimic,2983
mimic,2983
mimic,2983
mimic,2983
mimic,2983
mimic,2983
mimic,2983
mimic,2983
mimic,2983
mimic,2983
mimic,2983
mimic,2983
mimic,2978
mimic,2978
mimic,2978
mimic,2978
mimic,2978
mimic,2978
mimic,2978
mimic,2978
mimic,2978
mimic,2978
mimic,2978
mimic,2978
mimic,2978
mimic,2978
mimic,2978
mimic,2978
mimic,2978
mimic,2978
mimic,2978
mimic,2978
mimic,2978
mimic,2978
mimic,2978
mimic,2978
mimic,2978
mimic,2974
mimic,2974
mimic,2974
mimic,2974
mimic,2974
mimic,2974
mimic,2974
mimic,2974
mimic,2974
mimic,2974
mimic,2974
mimic,2974
mimic,2974
mimic,2974
mimic,2974
mimic,2974
mimic,2974
mimic,2974
mimic,2974
mimic,2974
mimic,2974
mimic,2974
mimic,2974
mimic,2974
mimic,2974
mimic,2967
mimic,2967
mimic,2967
mimic,2967
mimic,2967
mimic,2967
mimic,2967
mimic,2967
mimic,2967
mimic,2967
mimic,2967
mimic,2967
mimic,1
mimic,2967
mimic,2967
mimic,2967
mimic,2967
mimic,2967
mimic,2967
mimic,2967
mimic,2967
mimic,2967
mimic,2967
mimic,2967
mimic,2967
mimic,2977
mimic,2977
mimic,2977
mimic,2977
mimic,2977
mimic,2977
mimic,2977
mimic,2977
mimic,2977
mimic,2977
mimic,2977
mimic,2977
mimic,2977
mimic,2977
mimic,2977
mimic,2977
mimic,2977
mimic,2977
mimic,2977
mimic,2977
mimic,2977
mimic,2977
mimic,2977
mimic,2977
mimic,2977
mimic,2943
mimic,2943
mimic,2943
mimic,2943
mimic,2943
mimic,2943
mimic,2943
mimic,2943
mimic,2943
mimic,2943
mimic,2943
mimic,2943
mimic,2943
mimic,1
mimic,2943
mimic,2943
mimic,2943
mimic,2943
mimic,2943
mimic,2943
mimic,2943
mimic,2943
mimic,2943
mimic,2943
mimic,2943
mimic,2981
mimic,2981
mimic,2981
mimic,2981
mimic,2981
mimic,2981
mimic,2981
mimic,2981
mimic,2981
mimic,2981
mimic,2981
mimic,2981
mimic,2981
mimic,2981
mimic,2981
mimic,2981
mimic,2981
mimic,2981
mimic,2981
mimic,2981
mimic,2981
mimic,2981
mimic,2981
mimic,2981
mimic,2981
mimic,2943
mimic,2943
mimic,2943
mimic,2943
mimic,2943
mimic,2943
mimic,2943
mimic,2943
mimic,2943
mimic,2943
mimic,2943
mimic,2943
mimic,2943
mimic,2943
mimic,2943
mimic,2943
mimic,2943
mimic,2943
mimic,2943
mimic,2943
mimic,2943
mimic,2943
mimic,2943
mimic,2943
mimic,2943
mimic,2937
mimic,2937
mimic,2937
mimic,2937
mimic,2937
mimic,2937
mimic,2937
mimic,2937
mimic,2937
mimic,2937
mimic,2937
mimic,2937
mimic,2937
mimic,2937
mimic,2937
mimic,2937
mimic,2937
mimic,2937
mimic,2937
mimic,2937
mimic,2937
mimic,2937
mimic,2937
mimic,2937
mimic,2937
mimic,2980
mimic,2980
mimic,2980
mimic,2980
mimic,2980
mimic,2980
mimic,2980
mimic,2980
mimic,2980
mimic,2980
mimic,2980
mimic,2980
mimic,2980
mimic,2980
mimic,2980
mimic,2980
mimic,2980
mimic,2980
mimic,2980
mimic,2980
mimic,2980
mimic,2980
mimic,2980
mimic,2980
mimic,2980
mimic,2980
mimic,2980
mimic,2980
mimic,2980
mimic,2980
mimic,2980
mimic,2980
mimic,2980
mimic,2980
mimic,2980
mimic,2980
mimic,2980
mimic,2980
mimic,2980
mimic,2980
mimic,2980
mimic,2980
mimic,2980
mimic,2980
mimic,2980
mimic,2980
mimic,2980
mimic,2980
mimic,2980
mimic,2980
mimic,2994
mimic,2994
mimic,2994
mimic,2994
mimic,2994
mimic,2994
mimic,2994
mimic,2994
mimic,2994
mimic,2994
mimic,2994
mimic,2994
mimic,2994
mimic,2994
mimic,2994
mimic,2994
mimic,2994
mimic,2994
mimic,2994
mimic,2994
mimic,2994
mimic,2994
mimic,2994
mimic,2994
mimic,2994
mimic,2977
mimic,2977
mimic,2977
mimic,2977
mimic,2977
mimic,2977
mimic,2977
mimic,2977
mimic,2977
mimic,2977
mimic,2977
mimic,2977
mimic,2977
mimic,2977
mimic,2977
mimic,2977
mimic,2977
mimic,2977
mimic,2977
mimic,2977
mimic,2977
mimic,2977
mimic,2977
mimic,2977
mimic,2977
mimic,2979
mimic,2979
mimic,2979
mimic,2979
mimic,2979
mimic,2979
mimic,2979
mimic,2979
mimic,2979
mimic,2979
mimic,2979
mimic,2979
mimic,2979
mimic,2979
mimic,2979
mimic,2979
mimic,2979
mimic,2979
mimic,2979
mimic,2979
mimic,2979
mimic,2979
mimic,2979
mimic,2979
mimic,2979
mimic,2977
mimic,2977
mimic,2977
mimic,2977
mimic,2977
mimic,2977
mimic,2977
mimic,2977
mimic,2977
mimic,2977
mimic,2977
mimic,2977
mimic,2977
mimic,2977
mimic,2977
mimic,2977
mimic,2977
mimic,2977
mimic,2977
mimic,2977
mimic,2977
mimic,2977
mimic,2977
mimic,2977
mimic,2977
mimic,2946
mimic,2946
mimic,2946
mimic,2946
mimic,2946
mimic,2946
mimic,2946
mimic,2946
mimic,2946
mimic,2946
mimic,2946
mimic,2946
mimic,2946
mimic,2946
mimic,2946
mimic,2946
mimic,2946
mimic,2946
mimic,2946
mimic,2946
mimic,2946
mimic,2946
mimic,2946
mimic,2946
mimic,2946
mimic,2986
mimic,2986
mimic,2986
mimic,2986
mimic,2986
mimic,2986
mimic,2986
mimic,2986
mimic,2986
mimic,2986
mimic,2986
mimic,2986
mimic,2986
mimic,2986
mimic,2986
mimic,2986
mimic,2986
mimic,2986
mimic,2986
mimic,2986
mimic,2986
mimic,2986
mimic,2986
mimic,2986
mimic,2986
mimic,2968
mimic,2968
mimic,2968
mimic,2968
mimic,2968
mimic,2968
mimic,2968
mimic,2968
mimic,2968
mimic,2968
mimic,2968
mimic,2968
mimic,2968
mimic,2968
mimic,2968
mimic,2968
mimic,2968
mimic,2968
mimic,2968
mimic,2968
mimic,2968
mimic,2968
mimic,2968
mimic,2968
mimic,2968
mimic,2990
mimic,2990
mimic,2990
mimic,2990
mimic,2990
mimic,2990
mimic,2990
mimic,2990
mimic,2990
mimic,2990
mimic,2990
mimic,2990
mimic,2990
mimic,2990
mimic,2990
mimic,2990
mimic,2990
mimic,2990
mimic,2990
mimic,2990
mimic,2990
mimic,2990
mimic,2990
mimic,2990
mimic,2990
mimic,2980
mimic,2980
mimic,2980
mimic,2980
mimic,2980
mimic,2980
mimic,2980
mimic,2980
mimic,2980
mimic,2980
mimic,2980
mimic,2980
mimic,2980
mimic,2980
mimic,2980
mimic,2980
mimic,2980
mimic,2980
mimic,2980
mimic,2980
mimic,2980
mimic,2980
mimic,2980
mimic,2980
mimic,2980
mimic,2990
mimic,2990
mimic,2990
mimic,2990
mimic,2990
mimic,2990
mimic,2990
mimic,2990
mimic,2990
mimic,2990
mimic,2990
mimic,2990
mimic,2990
mimic,2990
mimic,2990
mimic,2990
mimic,2990
mimic,2990
mimic,2990
mimic,2990
mimic,2990
mimic,2990
mimic,2990
mimic,2990
mimic,2990
mimic,2982
mimic,2982
mimic,2982
mimic,2982
mimic,2982
mimic,2982
mimic,2982
mimic,2982
mimic,2982
mimic,2982
mimic,2982
mimic,2982
mimic,2982
mimic,2982
mimic,2982
mimic,2982
mimic,2982
mimic,2982
mimic,2982
mimic,2982
mimic,2982
mimic,2982
mimic,2982
mimic,2982
mimic,2982
mimic,2975
mimic,2975
mimic,2975
mimic,2975
mimic,2975
mimic,2975
mimic,2975
mimic,2975
mimic,2975
mimic,2975
mimic,2975
mimic,2975
mimic,2975
mimic,2975
mimic,2975
mimic,2975
mimic,2975
mimic,2975
mimic,2975
mimic,2975
mimic,2975
mimic,2975
mimic,2975
mimic,2975
mimic,2975
mimic,2989
mimic,2989
mimic,2989
mimic,2989
mimic,2989
mimic,2989
mimic,2989
mimic,2989
mimic,2989
mimic,2989
mimic,2989
mimic,2989
mimic,2989
mimic,2989
mimic,2989
mimic,2989
mimic,2989
mimic,2989
mimic,2989
mimic,2989
mimic,2989
mimic,2989
mimic,2989
mimic,2989
mimic,2989
mimic,2976
mimic,2976
mimic,2976
mimic,2976
mimic,2976
mimic,2976
mimic,2976
mimic,2976
mimic,2976
mimic,2976
mimic,2976
mimic,2976
mimic,2976
mimic,2976
mimic,2976
mimic,2976
mimic,2976
mimic,2976
mimic,2976
mimic,2976
mimic,2976
mimic,2976
mimic,2976
mimic,2976
mimic,2976
mimic,2923
mimic,2923
mimic,2923
mimic,2923
mimic,2923
mimic,2923
mimic,2923
mimic,2923
mimic,2923
mimic,2923
mimic,2923
mimic,2923
mimic,2923
mimic,2923
mimic,2923
mimic,2923
mimic,2923
mimic,2923
mimic,2923
mimic,2923
mimic,2923
mimic,2923
mimic,2923
mimic,2923
mimic,2923
mimic,2983
mimic,2983
mimic,2983
mimic,2983
mimic,2983
mimic,2983
mimic,2983
mimic,2983
mimic,2983
mimic,2983
mimic,2983
mimic,2983
mimic,2983
mimic,2983
mimic,2983
mimic,2983
mimic,2983
mimic,2983
mimic,2983
mimic,2983
mimic,2983
mimic,2983
mimic,2983
mimic,2983
mimic,2983
mimic,2992
mimic,2992
mimic,2992
mimic,2992
mimic,2992
mimic,2992
mimic,2992
mimic,2992
mimic,2992
mimic,2992
mimic,2992
mimic,2992
mimic,2992
mimic,2992
mimic,2992
mimic,2992
mimic,2992
mimic,2992
mimic,2992
mimic,2992
mimic,2992
mimic,2992
mimic,2992
mimic,2992
mimic,2992
mimic,2997
mimic,2997
mimic,2997
mimic,2997
mimic,2997
mimic,2997
mimic,2997
mimic,2997
mimic,2997
mimic,2997
mimic,2997
mimic,2997
mimic,2997
mimic,2997
mimic,2997
mimic,2997
mimic,2997
mimic,2997
mimic,2997
mimic,2997
mimic,2997
mimic,2997
mimic,2997
mimic,2997
mimic,2997
mimic,2989
mimic,2989
mimic,2989
mimic,2989
mimic,2989
mimic,2989
mimic,2989
mimic,2989
mimic,2989
mimic,2989
mimic,2989
mimic,2989
mimic,2989
mimic,2989
mimic,2989
mimic,2989
mimic,2989
mimic,2989
mimic,2989
mimic,2989
mimic,2989
mimic,2989
mimic,2989
mimic,2989
mimic,2989
mimic,2984
mimic,2984
mimic,2984
mimic,2984
mimic,2984
mimic,2984
mimic,2984
mimic,2984
mimic,2984
mimic,2984
mimic,2984
mimic,2984
mimic,2984
mimic,2984
mimic,2984
mimic,2984
mimic,2984
mimic,2984
mimic,2984
mimic,2984
mimic,2984
mimic,2984
mimic,2984
mimic,2984
mimic,2984
mimic,2975
mimic,1
mimic,2975
mimic,2975
mimic,2975
mimic,2975
mimic,2975
mimic,2975
mimic,2975
mimic,2975
mimic,2975
mimic,2975
mimic,2975
mimic,2975
mimic,2975
mimic,2975
mimic,2975
mimic,2975
mimic,2975
mimic,2975
mimic,2975
mimic,2975
mimic,2975
mimic,2975
mimic,2975
mimic,2973
mimic,2973
mimic,2973
mimic,2973
mimic,2973
mimic,2973
mimic,2973
mimic,2973
mimic,2973
mimic,2973
mimic,2973
mimic,2973
mimic,2973
mimic,2973
mimic,2973
mimic,2973
mimic,2973
mimic,2973
mimic,2973
mimic,2973
mimic,2973
mimic,2973
mimic,2973
mimic,2973
mimic,2973
mimic,2982
mimic,2982
mimic,2982
mimic,2982
mimic,2982
mimic,2982
mimic,2982
mimic,2982
mimic,2982
mimic,2982
mimic,2982
mimic,2982
mimic,2982
mimic,2982
mimic,2982
mimic,2982
mimic,2982
mimic,2982
mimic,2982
mimic,2982
mimic,2982
mimic,2982
mimic,2982
mimic,2982
mimic,2982
mimic,2985
mimic,2985
mimic,2985
mimic,2985
mimic,2985
mimic,2985
mimic,2985
mimic,2985
mimic,2985
mimic,2985
mimic,2985
mimic,2985
mimic,2985
mimic,2985
mimic,2985
mimic,2985
mimic,2985
mimic,2985
mimic,2985
mimic,2985
mimic,2985
mimic,2985
mimic,2985
mimic,2985
mimic,2985
mimic,2975
mimic,2975
mimic,2975
mimic,2975
mimic,2975
mimic,2975
mimic,2975
mimic,2975
mimic,2975
mimic,2975
mimic,2975
mimic,2975
mimic,2975
mimic,2975
mimic,2975
mimic,2975
mimic,2975
mimic,2975
mimic,2975
mimic,2975
mimic,2975
mimic,2975
mimic,2975
mimic,2975
mimic,2975
mimic,2982
mimic,2982
mimic,2982
mimic,2982
mimic,2982
mimic,2982
mimic,2982
mimic,2982
mimic,2982
mimic,2982
mimic,2982
mimic,2982
mimic,2982
mimic,2982
mimic,2982
mimic,2982
mimic,2982
mimic,2982
mimic,2982
mimic,2982
mimic,2982
mimic,2982
mimic,2982
mimic,2982
mimic,2982
mimic,2972
mimic,2972
mimic,2972
mimic,2972
mimic,2972
mimic,2972
mimic,2972
mimic,2972
mimic,2972
mimic,2972
mimic,2972
mimic,2972
mimic,2972
mimic,2972
mimic,2972
mimic,2972
mimic,2972
mimic,2972
mimic,2972
mimic,2972
mimic,2972
mimic,2972
mimic,2972
mimic,2972
mimic,2972
mimic,2999
mimic,2999
mimic,2999
mimic,1
mimic,2999
mimic,2999
mimic,2999
mimic,2999
mimic,2999
mimic,2999
mimic,2999
mimic,2999
mimic,2999
mimic,2999
mimic,2999
mimic,2999
mimic,2999
mimic,2999
mimic,2999
mimic,2999
mimic,2999
mimic,2999
mimic,2999
mimic,2999
mimic,2999
mimic,2978
mimic,2978
mimic,2978
mimic,2978
mimic,2978
mimic,2978
mimic,2978
mimic,2978
mimic,2978
mimic,2978
mimic,2978
mimic,2978
mimic,2978
mimic,2978
mimic,2978
mimic,2978
mimic,2978
mimic,2978
mimic,2978
mimic,2978
mimic,2978
mimic,2978
mimic,2978
mimic,2978
mimic,2978
mimic,2995
mimic,2995
mimic,2995
mimic,2995
mimic,2995
mimic,2995
mimic,2995
mimic,2995
mimic,2995
mimic,2995
mimic,2995
mimic,2995
mimic,2995
mimic,2995
mimic,2995
mimic,2995
mimic,2995
mimic,2995
mimic,2995
mimic,2995
mimic,2995
mimic,2995
mimic,2995
mimic,2995
mimic,2995
mimic,2970
mimic,2970
mimic,2970
mimic,2970
mimic,2970
mimic,2970
mimic,2970
mimic,2970
mimic,2970
mimic,2970
mimic,2970
mimic,2970
mimic,2970
mimic,2970
mimic,2970
mimic,2970
mimic,2970
mimic,2970
mimic,2970
mimic,2970
mimic,2970
mimic,2970
mimic,2970
mimic,2970
mimic,2970
mimic,2975
mimic,2975
mimic,2975
mimic,2975
mimic,2975
mimic,2975
mimic,2975
mimic,2975
mimic,2975
mimic,2975
mimic,2975
mimic,2975
mimic,2975
mimic,2975
mimic,2975
mimic,2975
mimic,2975
mimic,1
mimic,2975
mimic,2975
mimic,2975
mimic,2975
mimic,2975
mimic,2975
mimic,2975
mimic,2976
mimic,2976
mimic,2976
mimic,2976
mimic,2976
mimic,2976
mimic,2976
mimic,2976
mimic,2976
mimic,2976
mimic,2976
mimic,2976
mimic,2976
mimic,2976
mimic,2976
mimic,2976
mimic,2976
mimic,2976
mimic,2976
mimic,2976
mimic,2976
mimic,2976
mimic,2976
mimic,2976
mimic,2976
